keys,es
TITLE_PRESS,PULSA PARA EMPEZAR
MENU_TITLE,NINJA KARMA
MENU_STORY,HISTORIA
MENU_STORY_TEXT,"Cinco museos, veinticinco robos"
MENU_GENERATIVE,GENERATIVO
MENU_GENERATIVE_TEXT,Un museo nuevo cada vez
MENU_SETTINGS,SETTINGS
MENU_QUIT,SALIR
MENU_BACK,< VOLVER
MENU_PREV,< ATRÁS
MENU_NEXT,SIGUIENTE >
MENU_SKIP,SALTAR ▶▶ (TAB / START)
MENU_PREVIOUS,< ANTERIOR
MENU_STORY_TITLE,MODO HISTORIA
MENU_STORY_TAGLINE,La Banda del Calcetín contra el Barón Von Bostezo
MENU_NIGHT_PIECE,ROBO %d · %s
MENU_PLAYERS_1,1 LADRÓN
MENU_PLAYERS_1_TEXT,Tú solo contra el museo
MENU_PLAYERS_2,2 LADRONES
MENU_PLAYERS_2_TEXT,"Uno sujeta la alarma, otro abre"
MENU_PLAYERS_3,3 LADRONES
MENU_PLAYERS_3_TEXT,Alarma y dos cerraduras
MENU_GENERATIVE_TITLE,MODO GENERATIVO
MENU_DIFFICULTY_EASY,FÁCIL
MENU_DIFFICULTY_MEDIUM,MEDIA
MENU_DIFFICULTY_HARD,DIFÍCIL
MENU_SIZE_SMALL,CHICO
MENU_SIZE_MEDIUM,MEDIANO
MENU_SIZE_LARGE,GRANDE
MENU_PLAY_1,▶ 1 LADRÓN
MENU_PLAY_2,▶ 2 LADRONES
MENU_PLAY_3,▶ 3 LADRONES
MENU_PAUSE,PAUSA
MENU_RESUME,▶ SEGUIR
MENU_TO_MENU,< MENÚ
JOIN_TITLE,¿QUIÉN JUEGA?
JOIN_PLAYER,JUGADOR %d
JOIN_PRESS,Pulsa un botón
JOIN_HOW,"Cada uno pulsa un botón de su mando, o una tecla de su lado del teclado (WASD o flechas: dos como mucho; el resto, con mando)"
JOIN_READY,¡LISTOS!
JOIN_UNDO,"Esc: quitar al último · B: quitar tu mando · sin nadie, volver"
SEAT_KB_LEFT,Teclado · WASD
SEAT_KB_RIGHT,Teclado · flechas
SEAT_ANY,Teclado y mandos
SEAT_PAD,Mando %d · %s
SETTINGS_TITLE,SETTINGS
SETTINGS_SOUND_TITLE,SONIDO
SETTINGS_SCREEN_TITLE,PANTALLA
SETTINGS_PADS_TITLE,CONTROLES
SETTINGS_SOUND_PAGE,SONIDO >
SETTINGS_SCREEN_PAGE,PANTALLA >
SETTINGS_PADS_PAGE,CONTROLES >
SETTINGS_ASSETS_PAGE,ASSETS >
SETTINGS_YES,SÍ
SETTINGS_NO,NO
SETTINGS_SOUND,SONIDO: %s  (N)
SETTINGS_MUSIC,MÚSICA: %s
SETTINGS_MUSIC_VOLUME,VOL. MÚSICA %s
SETTINGS_EFFECTS_VOLUME,VOL. EFECTOS %s
SETTINGS_FULLSCREEN,PANTALLA COMPLETA: %s
SETTINGS_VSYNC,V-SYNC: %s
SETTINGS_WINDOW,VENTANA: %d×%d
SETTINGS_WINDOW_AUTO,VENTANA: AUTO %d×%d
SETTINGS_UI_SCALE,TAMAÑO INTERFAZ: %d%%
SETTINGS_IA,PANEL IA: %s
SETTINGS_RUMBLE,VIBRACIÓN: %s
SETTINGS_RUMBLE_STRENGTH,FUERZA %s
SETTINGS_DEADZONE,ZONA MUERTA STICK: %d%%
SETTINGS_SOUND_HELP,← y → para bajar y subir el volumen · N silencia todo
SETTINGS_PADS_LIST,Mandos: %s
SETTINGS_NO_PADS,No hay mandos conectados
CONTROLS_P1,JUGADOR 1
CONTROLS_P2,JUGADOR 2
CONTROLS_PAD,MANDO
CONTROLS_P1_WHERE,teclado izquierda
CONTROLS_P2_WHERE,teclado derecha
CONTROLS_PAD_WHERE,cualquier mando
CONTROLS_MOVE,MOVERSE|WASD|Flechas|Stick izq. o cruceta
CONTROLS_SLOW,ANDAR LENTO|Shift izq.|Shift dcha.|Stick a medias o LB
CONTROLS_CROUCH,A GATAS|C|{slash}|X o clic del stick
CONTROLS_ROLL,RODAR · SOLTAR|Espacio|Enter|B
CONTROLS_PUSH,ACCIÓN|E|{period}|A
CONTROLS_MAP,MAPA|M|View
CONTROLS_PAUSE,PAUSA|P o Esc|Start
CONTROLS_MUTE,SILENCIAR|N|—
CONTROLS_MORE,Jugadores 3 y 4: solo con mando
ASSETS_TITLE,ASSETS
ASSETS_TAB_LOOT,PIEZAS
ASSETS_TAB_PEOPLE,PERSONAJES
ASSETS_TAB_PROPS,OBJETOS
ASSETS_TAB_SOUNDS,SONIDOS
ASSETS_TAB_MAP,MAPA
ASSETS_FALL_METAL,Al caer: sonido metálico
ASSETS_FALL_DRY,Al caer: sonido seco
ASSETS_PEOPLE_THIEF,LADRÓN
ASSETS_PEOPLE_TWO,DOS LADRONES
ASSETS_PEOPLE_SLEEPY,GUARDIA DORMIDO
ASSETS_PEOPLE_THREE,TRES GUARDIAS
ASSETS_LISTEN,▶ ESCUCHAR
ASSETS_MAP_TEXT,Las marcas del mapa y del plan
ASSETS_MAP_MARKS,Sobre los guardias: ! algo raro · !! alerta · !!! va a por ti
PROLOGUE_TITLE,HABÍA UNA VEZ...
PROLOGUE_GO,▶ ¡VAMOS!
ENDING_TITLE,"¡OPERACIÓN
DEVOLVERLO TODO!"
STORY_PROLOGUE,"Esta es la Banda del Calcetín: ladrones que solo roban lo que ya estaba robado.

El Barón Von Bostezo visitó a los directores de los cinco museos de la ciudad con su Diamante Bostezo: quien lo mira, bosteza. Y bostezando firmaron un papel sin leerlo: «Regalo mi museo al Barón».

Ahora los cinco museos son suyos. Ha cerrado las puertas, ha puesto guardias y dice que las obras son solo para él.

Esta noche empieza la operación DEVOLVERLO TODO: cinco museos, cinco salas en cada uno. Primera parada: la Gran Cueva."
STORY_ENDING,"¡Lo habéis conseguido!

Sin su Diamante Bostezo, al Barón se le acabó el truco: los cinco directores se despertaron del todo, rompieron aquel papel y abrieron otra vez sus museos.

Las veinticinco piezas vuelven a sus vitrinas. El meteorito sigue oliendo a queso y Arquímedes vuelve a bañarse con su pato.

Al Barón Von Bostezo solo le quedó mirar su despacho vacío... y bostezar. Se quedó dormido de pie. Dicen que todavía ronca.

FIN (de momento)"
BRIEF_TAB_NEWS,LO NUEVO
BRIEF_TAB_STORY,LA HISTORIA
BRIEF_TAB_PLAN,EL PLAN
BRIEF_NEXT_TAB,%s >
BRIEF_START,▶ EMPEZAR
BRIEF_SKIP,SALTAR Y JUGAR >>
BRIEF_JOB_ONE,%s · tu %s robo en %s
BRIEF_JOB_MANY,%s · vuestro %s robo en %s
BRIEF_JOB_LAST_ONE,%s · tu último gran golpe
BRIEF_JOB_LAST_MANY,%s · vuestro último gran golpe
BRIEF_JOB_BOSS_ONE,%s · tu gran golpe en %s
BRIEF_JOB_BOSS_MANY,%s · vuestro gran golpe en %s
RANK_1_ONE,Ladronzuelo
RANK_1_MANY,Ladronzuelos
RANK_2_ONE,Ratero
RANK_2_MANY,Rateros
RANK_3_ONE,Ladrón de guante blanco
RANK_3_MANY,Ladrones de guante blanco
RANK_4_ONE,Maestro ladrón
RANK_4_MANY,Maestros ladrones
RANK_5_ONE,Leyenda de la noche
RANK_5_MANY,Leyendas de la noche
ORDINAL_1,primer
ORDINAL_2,segundo
ORDINAL_3,tercer
ORDINAL_4,cuarto
BRIEF_LEVEL,NIVEL %02d
BRIEF_NEWS_TITLE,ESTA NOCHE
BRIEF_NEWS_TEXT,Algo ha cambiado en el museo
BRIEF_TEAM_ONE_LOCK,Uno sujeta la alarma naranja; el otro abre la vitrina.
BRIEF_TEAM_TWO_LOCKS,Uno sujeta la alarma naranja; los otros dos abren a la vez.
BRIEF_TEAM_ALL_OUT,"Salid todos: si pillan a uno, se acaba la noche."
BRIEF_PROPS,Tira papeleras o bustos para despistar a los guardias.
BRIEF_SECONDS,%s segundos
BRIEF_DECIMAL_POINT,","
PLAN_ENTRY,Entrada
PLAN_PIECE,Pieza
PLAN_EXIT,Salida
PLAN_DOOR_WEST,"Puerta del muro oeste, en %s"
PLAN_DOOR_EAST,"Puerta del muro este, en %s"
PLAN_DOOR_NORTH,"Puerta del muro norte, en %s"
PLAN_DOOR_SOUTH,"Puerta del muro sur, en %s"
LESSON_HEIST_TITLE,EL GOLPE
LESSON_HEIST_TEXT,"Quieto junto a la vitrina hasta que se abra, y sal por la flecha verde."
LESSON_HEIST2_TITLE,EL GOLPE EN EQUIPO
LESSON_HEIST2_TEXT,Uno sujeta la alarma naranja; el otro abre la vitrina. Salid los dos.
LESSON_HEIST3_TITLE,EL GOLPE EN EQUIPO
LESSON_HEIST3_TEXT,Uno sujeta la alarma; dos abren las dos cerraduras a la vez. Salid todos.
LESSON_GUARD_TITLE,EL GUARDIA
LESSON_GUARD_TEXT,"Si su linterna te pilla, va a por ti. Espera tras una pared a que pase."
LESSON_TORCH_TITLE,AGÁCHATE
LESSON_TORCH_TEXT,"De lejos, su linterna solo ve a quien va de pie. Cruza agachado (C, o X)."
LESSON_NOISE_TITLE,EL RUIDO
LESSON_NOISE_TEXT,"Corriendo te oyen lejos; andando, poco; a gatas, nada."
LESSON_PROPS_TITLE,LA DISTRACCIÓN
LESSON_PROPS_TEXT,"Tira algo lejos (E, o A): el guardia irá a mirar y la pieza quedará libre."
LESSON_CASE_ALARM_TITLE,LA VITRINA CON ALARMA
LESSON_TWO_TITLE,DOS GUARDIAS
LESSON_TWO_TEXT,"Si uno te ve, grita y el otro viene corriendo."
LESSON_LIGHTS_TITLE,LAS LUCES
LESSON_LIGHTS_TEXT,"En alerta encienden la luz: solo te tapan las vitrinas, a gatas. Con E en el interruptor la apagas."
LESSON_BIG_TITLE,UN MUSEO GRANDE
LESSON_BIG_TEXT,"Más salas, nada nuevo. Planea la ruta en el plano antes de entrar."
LESSON_FINALE_TITLE,EL ÚLTIMO GOLPE
LESSON_FINALE_TEXT,"Todos despiertos y sin calmarse. Todo lo que sabes, a la vez. Suerte."
LESSON_CASE_ALARM_TEXT,"La vitrina pita mientras la abres. Si viene alguien, suéltala y escóndete."
NIGHT_01_NAME,la dentadura de Ugg
NIGHT_01_BLURB,De marfil de mamut. La primera dentadura postiza de la historia.
NIGHT_01_VERB,DESENROSCANDO EL TARRO
NIGHT_01_TALE,"Ugg el cavernícola perdió los dientes mordiendo una piedra que parecía un pan. Su nieta le talló esta dentadura. Desde que el Barón se la quitó, Ugg solo come puré de mamut. Y hoy el museo no tiene guardias."
NIGHT_02_NAME,el primer juguete del mundo
NIGHT_02_BLURB,Un muñeco de piedra. Pesa como tres gatos.
NIGHT_02_VERB,LEVANTANDO LA PIEDRA
NIGHT_02_TALE,"Lo talló un niño de las cavernas para no aburrirse los días de lluvia, hace diez mil años. Los niños de hoy iban a verlo cada domingo. Ahora el Barón lo usa de pisapapeles."
NIGHT_03_NAME,el mosquito en ámbar
NIGHT_03_BLURB,Lleva millones de años dentro. Y todavía tiene hambre.
NIGHT_03_VERB,PULIENDO EL ÁMBAR
NIGHT_03_TALE,"Este mosquito se quedó pegado en la resina de un árbol cuando aún había dinosaurios. El Barón quiere hacerse un anillo con él. El mosquito, desde dentro, no está nada de acuerdo."
NIGHT_04_NAME,el meteorito que huele a queso
NIGHT_04_BLURB,"Cayó del cielo hace mucho, mucho tiempo."
NIGHT_04_VERB,TAPANDO EL OLOR
NIGHT_04_TALE,Dicen que los dinosaurios no se extinguieron: se fueron corriendo porque no aguantaban el olor. Los ratones de tres pueblos se han mudado al museo solo para olerlo.
NIGHT_05_NAME,el huevo de la mamá diplodocus
NIGHT_05_BLURB,Setenta millones de años. Aún está calentito.
NIGHT_05_VERB,SOLTANDO EL HUEVO
NIGHT_05_TALE,"La joya de la Gran Cueva. Una mamá diplodocus lo olvidó hace setenta millones de años y ha vuelto a buscarlo. Espera en la puerta, muy seria, pisando coches sin querer. Lo vigila el guardián de la cueva, que ve muy lejos."
NIGHT_05_TIP,"Si te persigue, piérdelo de vista y métete en un escondite."
NIGHT_06_NAME,el pato que canta ópera
NIGHT_06_BLURB,El único pato tenor del mundo.
NIGHT_06_VERB,CALMANDO AL PATO
NIGHT_06_TALE,"Cada mañana cantaba ópera a las siete en punto en el estanque del parque. El Barón le ha puesto un cartel que dice «Pato. No tocar». Sin su canto nadie se despierta, y el panadero ya ha quemado cuarenta barras de pan."
NIGHT_07_NAME,la corona de la Reina de los Pepinillos
NIGHT_07_BLURB,"Verde, con granitos. Muy real."
NIGHT_07_VERB,DESATORNILLANDO
NIGHT_07_TALE,"La Reina de los Pepinillos manda en el huerto del pueblo. Sin su corona, los pepinillos no le hacen caso y se pasan la noche bailando la conga por las calles. Nadie consigue dormir."
NIGHT_08_NAME,la dentadura de repuesto del tiburón
NIGHT_08_BLURB,Trescientos dientes. Ni una caries.
NIGHT_08_VERB,CONTANDO DIENTES
NIGHT_08_TALE,"Los tiburones cambian de dientes toda la vida, y este guardaba los de repuesto en una concha. El Barón se la llevó mientras dormía la siesta. Ahora el tiburón solo come sopa de algas, y está de muy mal humor."
NIGHT_09_NAME,el huevo del cuco despistado
NIGHT_09_BLURB,Azul claro. Nadie sabe de quién es.
NIGHT_09_VERB,ENVOLVIENDO EL HUEVO
NIGHT_09_TALE,"El cuco pone sus huevos en nidos ajenos para no tener que cuidarlos. Este lo puso en el sombrero del Barón, que lo expone como «huevo de Barón». Mamá gorriona lo busca desde el martes."
NIGHT_10_NAME,la perla gigante
NIGHT_10_BLURB,Del tamaño de un melón. La hizo una almeja muy gruñona.
NIGHT_10_VERB,ABRIENDO LA CONCHA
NIGHT_10_TALE,"La joya de la Casa de los Bichos. La almeja Remedios tardó cien años en hacerla, y la sacaba a pasear los domingos por el fondo del mar. Ahora tiene un guardia al lado que no se aparta ni para estornudar."
NIGHT_10_TIP,El guardia no se aparta de la perla: tira algo lejos para moverlo.
NIGHT_11_NAME,el pan del faraón Tutanpán
NIGHT_11_BLURB,Cuatro mil años. Todavía cruje.
NIGHT_11_VERB,DESPEGANDO EL PAN
NIGHT_11_TALE,"Los egipcios ya hacían pan, y el faraón Tutanpán se llevó esta rebanada a su pirámide para merendar. El Barón dice que la cara tostada es la suya. Es la del faraón, y está muy enfadado."
NIGHT_12_NAME,el calcetín de Aquiles
NIGHT_12_BLURB,"Protegía su talón, el único punto débil del héroe."
NIGHT_12_VERB,DOBLANDO LA LANA
NIGHT_12_TALE,"Aquiles, el gran héroe griego, era invencible menos en un talón. Por eso nunca se quitaba este calcetín. Desde que se lo llevó el Barón, Aquiles va de puntillas y se asusta hasta de las hormigas."
NIGHT_13_NAME,el pato de goma de Arquímedes
NIGHT_13_BLURB,Con él descubrió que el agua empuja hacia arriba.
NIGHT_13_VERB,ESCURRIENDO EL PATO
NIGHT_13_TALE,"Arquímedes estaba en la bañera con su pato cuando lo entendió todo y salió a la calle gritando «¡Eureka!». Sin el pato no quiere bañarse, y los vecinos lo notan. Mucho."
NIGHT_14_NAME,la máscara de Medusa
NIGHT_14_BLURB,Con serpientes por pelo. No la mires a los ojos.
NIGHT_14_VERB,TAPANDO LOS OJOS
NIGHT_14_TALE,"Dicen que quien miraba a Medusa se quedaba de piedra. El Barón la usa para asustar a sus guardias cuando se duermen, y por eso vigilan tan despiertos. Mejor cogerla sin mirar, por si acaso."
NIGHT_15_NAME,"el Coloso de Rodas, tamaño bolsillo"
NIGHT_15_BLURB,Una de las siete maravillas. Esta cabe en la mochila.
NIGHT_15_VERB,SOLTANDO AL COLOSO
NIGHT_15_TALE,"La joya del Templo de las Momias. El Coloso de verdad era un gigante de bronce más alto que diez casas; esta es su copia de bolsillo, la única que queda. Tres guardias la vigilan, y uno no se mueve de la entrada."
NIGHT_15_TIP,"Un guardia vigila tu camino: pasa a gatas, fuera de su luz."
NIGHT_16_NAME,el despertador de Leonardo
NIGHT_16_BLURB,Funciona con agua. Te despierta levantándote los pies.
NIGHT_16_VERB,PARANDO LA ALARMA
NIGHT_16_TALE,"Leonardo da Vinci inventó un despertador que te levantaba los pies para que te despertaras. Sin él, los inventores del pueblo se quedan dormidos y no inventan nada. Ayer uno inventó la cuchara. Otra vez."
NIGHT_17_NAME,la piedra filosofal
NIGHT_17_BLURB,"Lo convierte todo en oro. Bueno, casi todo en queso."
NIGHT_17_VERB,PESANDO LA PIEDRA
NIGHT_17_TALE,"Los alquimistas la buscaron durante siglos para fabricar oro. Esta solo lo consigue a veces; casi siempre hace queso. El Barón la quiere para hacerse rico. Los ratones del castillo, para merendar."
NIGHT_18_NAME,la bola de cristal de Merlín
NIGHT_18_BLURB,Enseña el futuro. Hoy sale una banda con calcetines.
NIGHT_18_VERB,LIMPIANDO EL CRISTAL
NIGHT_18_TALE,"El mago Merlín la usaba para ver venir a los dragones. El Barón la mira cada noche para saber quién viene a robarle, pero solo ve niebla: con tanto bostezo, la bola se empaña."
NIGHT_19_NAME,el rubí del dragón
NIGHT_19_BLURB,Rojo y calentito. Lo tenía un dragón bajo la almohada.
NIGHT_19_VERB,SOPLANDO LA PIEDRA
NIGHT_19_TALE,"El dragón del monte dormía abrazado a su rubí. Sin él no pega ojo, y cuando está cansado estornuda fuego. Ya ha tostado tres pajares y el sombrero del alcalde. ¡Achís!"
NIGHT_20_NAME,la corona del rey Arturo
NIGHT_20_BLURB,De oro y armiño. Solo le cabe a un rey de verdad.
NIGHT_20_VERB,DESATORNILLANDO LA CORONA
NIGHT_20_TALE,"La joya del Castillo de los Inventos. El Barón se la prueba cada noche delante del espejo, pero le queda grande y se le cae hasta la nariz. En la sala del trono, un guardia le da la espalda a todo... y lo oye todo."
NIGHT_20_TIP,"El guardia del trono te da la espalda, pero lo oye todo: sin correr."
NIGHT_21_NAME,la tostada con la cara del Barón
NIGHT_21_BLURB,Con mantequilla. El Barón dice que es arte moderno.
NIGHT_21_VERB,DESPEGANDO LA TOSTADA
NIGHT_21_TALE,"En esta tostada se ve clavadita la cara del Barón, y la ha colgado en su torre como si fuera un cuadro famoso. En realidad era el desayuno del perro Bartolo, que lleva tres días mirándola y llorando."
NIGHT_22_NAME,la bola de chicle del récord
NIGHT_22_BLURB,Masticada por todo el pueblo durante cien años.
NIGHT_22_VERB,DESPEGANDO EL CHICLE
NIGHT_22_TALE,"Cada vecino le añadía un chicle el día de su cumpleaños. El Barón dice que es una escultura moderna. Los vecinos dicen que es suya, y que aún sabe a fresa."
NIGHT_23_NAME,el despertador que canta tangos
NIGHT_23_BLURB,Suena a las siete. Con bandoneón.
NIGHT_23_VERB,PARANDO EL TANGO
NIGHT_23_TALE,"Despertaba a la panadera cada mañana con un tango muy dramático. Sin él, el pueblo lleva una semana desayunando a la hora de comer."
NIGHT_24_NAME,la máscara del Pulpo Enmascarado
NIGHT_24_BLURB,Del luchador más famoso del mundo.
NIGHT_24_VERB,CORTANDO EL SELLO
NIGHT_24_TALE,"El Pulpo Enmascarado tiene ocho brazos y ninguna gana de enseñar la cara. Sin su máscara no puede subir al ring, y lleva una semana escondido detrás de una maceta. Sus fans están desesperados."
NIGHT_25_NAME,el Diamante Bostezo
NIGHT_25_BLURB,"Quien lo mira, bosteza y se duerme."
NIGHT_25_VERB,ABRIENDO LA CAJA FUERTE
NIGHT_25_TALE,"Es el tesoro del Barón y su gran truco: con él hizo bostezar a los cinco directores hasta que firmaron. Sin el diamante, se le acaba el truco. Está arriba del todo de la torre, con los cuatro guardias más despiertos de la ciudad."
NIGHT_25_TIP,El gran final: mira el mapa y planea la ruta antes de moverte.
END_CAUGHT,TE HAN PILLADO
END_BACK_IN_CASE,%s vuelve a su vitrina.
END_STILL_THERE,%s sigue en su sitio.
END_AGAIN,▶ OTRA VEZ
END_PERFECT,¡GOLPE PERFECTO!
END_HOME,%s ya está a salvo.
END_LEVEL_DONE,Nivel %d superado: %s ya es tuyo.
END_NEXT_NIGHT,▶ SIGUIENTE SALA
END_NEXT_MUSEUM,▶ AL SIGUIENTE MUSEO
END_MUSEUM_DONE,%s ya está a salvo. ¡Museo terminado: %s!
END_NEXT_HEIST,▶ SIGUIENTE GOLPE
END_TO_MENU,< VOLVER AL MENÚ
HUD_HELP,P pausa · M mapa · E acción · F humo · C a gatas · Shift andar lento · Espacio rodar
HUD_MAP_HIDE,M o View para guardarlo
HUD_COUNT_GO,GO!
HUD_JOB_WAIT_PANEL,¡QUE TU COMPAÑERO SUJETE EL CUADRO DE ALARMA!
HUD_JOB_TWO_LOCKS,¡DOS CERRADURAS: FALTA OTRO LADRÓN EN LA VITRINA!
HUD_JOB_CARRYING,TIENES %s · ¡A LA SALIDA!
HUD_JOB_DROPPED,%s ESTÁ EN EL SUELO
HUD_JOB_PANEL_HELD,ALARMA DESCONECTADA · ¡A LA VITRINA!
HUD_PUSH_HINT,TIRAR %s
HUD_SWITCH_HINT,INTERRUPTOR DE LA LUZ
EDITOR_TOOL_EXHIBIT_PLINTH,PEDESTAL
HUD_PLINTH_HINT,SUBIR AL PEDESTAL
HUD_PLINTH_DOWN,BAJAR DEL PEDESTAL
HUD_HIDE_HINT,ESCONDERTE EN %s
HUD_HIDE_OUT,SALIR
HUD_GAME_PICK_HINT,GANZÚA
HUD_GAME_WIRES_HINT,CORTAR LOS CABLES
HUD_GAME_STEADY_HINT,VENTOSA EN LA ALARMA
GAME_HOW_LOCKPICK,{action} CUANDO PASE POR EL VERDE
GAME_HOW_STEADY,{move} DENTRO DEL ARO
GAME_HOW_WIRES,{move} COMO LA FLECHA
GAME_HOW_BALANCE,{lr} QUE NO SE CAIGA
GAME_HOW_SQUEEZE,{lr} ALTERNA CON RITMO
GAME_LET_GO,{cancel} SOLTAR
KEY_STICK,STICK
KEY_SPACE,ESPACIO
KEY_ENTER,ENTER
LOG_PLINTH_FELL,¡Pierdes el equilibrio y te caes del pedestal!
HUD_JOB_WAIT_CUT,¡QUE TU COMPAÑERO CORTE LOS CABLES DEL CUADRO!
HUD_JOB_WAIT_CUTS,¡HAY QUE CORTAR LOS CABLES DE LOS DOS CUADROS!
GAME_READY,¡LISTO! ESPERA AL OTRO
GAME_WAIT_PANEL,ESPERA: FALTA EL CUADRO
GAME_WAIT_HANDS,FALTA OTRA MANO
LOG_PANEL_CUT,¡Cables cortados! El cuadro de alarma no suena
HUD_SHOUT_1,¡ALTO!
HUD_SHOUT_2,¡QUIETO!
HUD_SHOUT_3,¡PARA!
HUD_SHOUT_FAR,%s grita a lo lejos · %s
HUD_SHOUT_NEAR,%s grita cerca · %s
HUD_SIGN_EXIT,SALIDA
HUD_SIGN_ALARM,ALARMA
LEGEND_THIEF,vosotros
LEGEND_GEM,la pieza
LEGEND_EXIT,la salida
LEGEND_GUARD,guardia
LEGEND_PROP,se puede tirar
LEGEND_ROUTE,ruta
LEGEND_PANEL,alarma
LOG_CRASH_EVERYWHERE,¡Menudo estruendo! %s se ha oído en todo el museo
LOG_KNOCKED,¡Has tirado %s!
LOG_ROLL_WALL,¡Pum! Te has estampado contra la pared
LOG_PLINTH_UP,Quieto como una estatua… nadie sospecha nada
LOG_PLINTH_BLOWN,¡Te han visto subir! Así no cuela
LOG_HIDE_IN,Dentro de %s… ni respiras
LOG_HIDE_BLOWN,¡Te han visto meterte! Saben dónde estás
LOG_HIDE_TIPPED,¡Se cae la armadura y sales rodando!
LOG_ROLL_CASE,¡Pum! Te has estampado contra la vitrina
LOG_CASE_ALARM,¡Salta la alarma de la vitrina!
LOG_GOT_IT,"Tienes %s: ahora, a la salida"
LOG_GOT_IT_TEAM,"Tenéis %s: ahora, todos a la salida"
LOG_DROPPED,%s ha caído al suelo
LOG_HEARD_BY,%s lo ha oído y viene
LOG_AND, y 
LOG_NOBODY_HEARD,nadie más lo ha oído
LOG_SHOUT,%s: ¡Alto! — %s
LOG_WARN,%s avisa a %s en voz baja
LOG_LIGHTS,%s enciende las luces %s
LOG_YOU_LIGHTS_ON,Enciendes las luces %s
LOG_YOU_LIGHTS_OFF,Apagas las luces %s
LOG_THE_ROOM_OF,de la sala
LOG_OUT_WAITING,%s ya está fuera · faltan los demás
LOG_DECISION,%s: %s · %d%%%s
LOG_TORN, (duda)
LOG_BRAIN_FAILED,IA: reglas de reserva (%s)
BRAIN_SEND_FAILED,no se pudo enviar (%d)
BRAIN_NO_CONNECTION,sin conexión con el cerebro
BRAIN_NET_ERROR,error de red %d
BRAIN_HTTP_CODE,el cerebro respondió %d
BRAIN_UNREADABLE,respuesta ilegible
MIND_SEEN,Te ha visto
MIND_THINKING,pensando…
MIND_NOTE,ritmo %d%% · %s%s
MIND_TORN, · duda
MIND_PLAN_CHASE,Acudir al grito
MIND_PLAN_CUT_OFF,Cortarle el paso
MIND_PLAN_FOLLOW,Seguir el rastro
MIND_PLAN_SEARCH,Registrar la pista
MIND_PLAN_CHECK_ZONE,Revisar otra zona
MIND_PLAN_COVER,Cubrir el otro lado
MIND_PLAN_PATROL,Seguir la ronda
MIND_PLAN_WATCH,Vigilar el cruce
MIND_LOOK_SWEEP,barre con la linterna
MIND_LOOK_AHEAD,linterna al frente
MIND_LOOK_CLUE,linterna hacia la pista
GUARD_WHO_KNOCKED,¿Quién ha tirado %s?
GUARD_WHO_LIGHTS_OFF,¿Quién ha apagado la luz?
GUARD_WHO_LIGHTS_ON,¿Quién ha encendido la luz?
GUARD_ZONE_CLEAR,%s está despejada
GUARD_THE_ZONE,la zona
PROP_BIN,la papelera
PROP_BUST,el busto
PROP_PANEL,el panel
PROP_ARMOUR,la armadura
HIDE_SARCOPHAGUS,el sarcófago
HIDE_TROJAN_HORSE,el caballo de Troya
HIDE_MAMMOTH,el mamut
HIDE_LOG,el tronco hueco
HIDE_CAR,el cochecito
HIDE_FRIDGE,la nevera
HIDE_BOX,la caja
HIDE_LEGIONARY,la armadura de legionario
HIDE_CONFESSIONAL,el confesionario
HIDE_CHEST,el baúl
HIDE_EGG,el huevo de dinosaurio
HIDE_SHELL,el caparazón de tortuga
ZONE_MUSEUM,el museo
ZONE_NUMBERED,%s (%d)
ZONE_CORRIDOR,el pasillo
ZONE_CORRIDOR_EAST,el pasillo al este %s
ZONE_CORRIDOR_WEST,el pasillo al oeste %s
ZONE_CORRIDOR_NORTH,el pasillo al norte %s
ZONE_CORRIDOR_SOUTH,el pasillo al sur %s
ZONE_STRETCH,%s (tramo %d)
GALLERY_EGYPTIAN_GALLERY,la sala egipcia
GALLERY_EGYPTIAN_GALLERY_OF,de la sala egipcia
GALLERY_MINERAL_HALL,la sala de minerales
GALLERY_MINERAL_HALL_OF,de la sala de minerales
GALLERY_FOSSIL_GALLERY,la galería de fósiles
GALLERY_FOSSIL_GALLERY_OF,de la galería de fósiles
GALLERY_BUTTERFLY_ROOM,la sala de mariposas
GALLERY_BUTTERFLY_ROOM_OF,de la sala de mariposas
GALLERY_PORTRAIT_GALLERY,la galería de retratos
GALLERY_PORTRAIT_GALLERY_OF,de la galería de retratos
GALLERY_MAP_ROOM,la sala de mapas
GALLERY_MAP_ROOM_OF,de la sala de mapas
GALLERY_SCULPTURE_COURT,el patio de esculturas
GALLERY_SCULPTURE_COURT_OF,del patio de esculturas
GALLERY_ARMOURY,la armería
GALLERY_ARMOURY_OF,de la armería
GALLERY_CLOCK_ROOM,la sala de relojes
GALLERY_CLOCK_ROOM_OF,de la sala de relojes
GALLERY_CERAMICS_GALLERY,la sala de cerámica
GALLERY_CERAMICS_GALLERY_OF,de la sala de cerámica
GALLERY_METEORITE_ROOM,la sala de meteoritos
GALLERY_METEORITE_ROOM_OF,de la sala de meteoritos
GALLERY_BIRD_GALLERY,la sala de aves
GALLERY_BIRD_GALLERY_OF,de la sala de aves
GALLERY_COIN_CABINET,el gabinete de monedas
GALLERY_COIN_CABINET_OF,del gabinete de monedas
GALLERY_TEXTILE_GALLERY,la sala de tejidos
GALLERY_TEXTILE_GALLERY_OF,de la sala de tejidos
GALLERY_SHIP_MODEL_ROOM,la sala de maquetas navales
GALLERY_SHIP_MODEL_ROOM_OF,de la sala de maquetas navales
GALLERY_ROMAN_GALLERY,la sala romana
GALLERY_ROMAN_GALLERY_OF,de la sala romana
GALLERY_TAPESTRY_HALL,la sala de tapices
GALLERY_TAPESTRY_HALL_OF,de la sala de tapices
GALLERY_PRINTS_ROOM,el gabinete de grabados
GALLERY_PRINTS_ROOM_OF,del gabinete de grabados
GALLERY_INSTRUMENT_GALLERY,la sala de instrumentos
GALLERY_INSTRUMENT_GALLERY_OF,de la sala de instrumentos
GALLERY_WHALE_HALL,la sala de la ballena
GALLERY_WHALE_HALL_OF,de la sala de la ballena
GALLERY_JEWEL_ROOM,la sala de joyas
GALLERY_JEWEL_ROOM_OF,de la sala de joyas
GALLERY_INSECT_GALLERY,la sala de insectos
GALLERY_INSECT_GALLERY_OF,de la sala de insectos
GALLERY_VIKING_GALLERY,la sala vikinga
GALLERY_VIKING_GALLERY_OF,de la sala vikinga
GALLERY_GLOBE_ROOM,la sala de globos terráqueos
GALLERY_GLOBE_ROOM_OF,de la sala de globos terráqueos
MENU_PLAYERS_4,4 LADRONES
MENU_PLAYERS_4_TEXT,Dos alarmas y dos cerraduras
MENU_PLAY_4,▶ 4 LADRONES
LESSON_HEIST4_TITLE,EL GOLPE EN EQUIPO
LESSON_HEIST4_TEXT,Dos sujetan las dos alarmas; dos abren las cerraduras a la vez. Salid todos.
BRIEF_TEAM_TWO_PANELS,Dos sujetan las alarmas naranjas; los otros dos abren a la vez.
HUD_JOB_WAIT_PANELS,¡HAY QUE SUJETAR LOS DOS CUADROS DE ALARMA!
STORY_REACHED,Museo %d · sala %d
STORY_MAP_TITLE,LA CIUDAD
STORY_GANG_1,Tú solo por la ciudad
STORY_GANG_2,La banda de 2
STORY_GANG_3,La banda de 3
STORY_GANG_4,La banda de 4
STORY_MUSEUM_LINE,%s · %d/%d SALAS
STORY_PLAY,▶ ¡A ROBAR!
STORY_ROOM_PIECE,SALA %d · %s
STORY_BOSS_PIECE,GRAN GOLPE · %s
STORY_BOSS_ROOM,GRAN GOLPE
MUSEUM_1_NAME,La Gran Cueva
MUSEUM_1_TEXT,"Dinosaurios, mamuts y cavernícolas. Aquí empieza todo"
MUSEUM_2_NAME,La Casa de los Bichos
MUSEUM_2_TEXT,"Animales, plantas y bichos del mar, quietos en sus vitrinas"
MUSEUM_3_NAME,El Templo de las Momias
MUSEUM_3_TEXT,"Faraones, dioses griegos y romanos en sandalias"
MUSEUM_4_NAME,El Castillo de los Inventos
MUSEUM_4_TEXT,"Caballeros, dragones y las máquinas de Leonardo"
MUSEUM_5_NAME,La Torre de Cristal
MUSEUM_5_TEXT,"Arte moderno, teles y tostadoras. Y arriba, el despacho del Barón"
MENU_CHALLENGE,RETOS
MENU_CHALLENGE_TEXT,Mapas hechos a mano y tu editor
CHALLENGE_TITLE,RETOS
CHALLENGE_TEXT,"Elige un mapa o un robo de la historia, o dibuja el tuyo"
CHALLENGE_NEW,+ NUEVO MAPA
CHALLENGE_EDIT,EDITAR
CHALLENGE_DELETE,BORRAR
CHALLENGE_DELETE_SURE,¿SEGURO? BORRAR
CHALLENGE_BUILT_IN,De serie
CHALLENGE_MINE,Tuyo
CHALLENGE_UNPLAYABLE,Sin terminar: ábrelo en el editor
CHALLENGE_INFO,%s · %s · %d guardias
CHALLENGE_EMPTY,Aún no hay mapas: crea uno.
CHALLENGE_PAGE,Página %d de %d
CHALLENGE_STORY_HEAD,HISTORIA
CHALLENGE_MAPS_HEAD,RETOS
CHALLENGE_HINT,Enter o clic: abrir
CHALLENGE_NIGHT_EDITED,retocado a mano
CHALLENGE_NIGHT_BUILT,como lo genera el juego
CHALLENGE_GUARDS,%d guardias
CHALLENGE_NIGHT_TEXT,"Retócalo en el editor y guárdalo: el robo jugará este museo, con su pieza, sus guardias y su dificultad de siempre."
CHALLENGE_RESTORE,VOLVER AL ORIGINAL
CHALLENGE_RESTORE_SURE,¿SEGURO? VOLVER AL ORIGINAL
EDITOR_TITLE,EDITOR
EDITOR_NAME,Nombre del mapa
EDITOR_UNTITLED,Mi museo
EDITOR_TOOLS,HERRAMIENTAS
EDITOR_TOOL_FLOOR,SUELO
EDITOR_TOOL_WALL,MURO / SUELO
EDITOR_TOOL_CASE,VITRINA AL AZAR
EDITOR_TOOL_OUT,EXTERIOR
EDITOR_TOOL_SPAWN,ENTRADA
EDITOR_TOOL_PIECE,VITRINA DEL ROBO
EDITOR_TOOL_EXIT,SALIDA
EDITOR_TOOL_GUARD,GUARDIA
EDITOR_TOOL_PROP,OBJETO
EDITOR_TOOL_ROOM,MARCAR SALA
EDITOR_ROOMS,SALAS HECHAS
EDITOR_T_EMPTY,GALERIA
EDITOR_T_CASES,VITRINAS
EDITOR_T_BUSTS,PEDESTALES
EDITOR_T_COLUMNS,COLUMNAS
EDITOR_T_SHELVES,ESTANTES
EDITOR_T_DINOSAUR,DINOSAURIO
EDITOR_T_SARCOPHAGUS,SARCOFAGO
EDITOR_T_CORRIDOR,PASILLO
EDITOR_TURN,GIRAR SALA (R)
EDITOR_NIGHT,LA NOCHE
EDITOR_SIZE,TAMAÑO: %s
EDITOR_DIFFICULTY,DIFICULTAD: %s
EDITOR_GUARDS,GUARDIAS: %s
EDITOR_GUARDS_AUTO,AUTO (%d)
EDITOR_MAP,EL MAPA
EDITOR_RANDOM,GENERAR MAPA ALEATORIO
EDITOR_RANDOM_DONE,Un museo nuevo del generador: retócalo a tu gusto.
EDITOR_CLEAR,VACIAR
EDITOR_UNDO,DESHACER
EDITOR_PREVIEW,VER EN 3D
EDITOR_PLAY,PROBAR
EDITOR_SAVE,GUARDAR
EDITOR_EXIT,SALIR
EDITOR_SAVED,Guardado: %s
EDITOR_SAVED_UNPLAYABLE,Guardado: %s (aún no se puede jugar)
EDITOR_SAVE_FAILED,No se ha podido guardar.
EDITOR_CANNOT_PLAY,Antes hay que arreglar lo que sale en rojo.
EDITOR_UNSAVED,HAY CAMBIOS SIN GUARDAR
EDITOR_OK,Se puede jugar.
EDITOR_PREVIEW_HELP,Arrastra o flechas: girar · Rueda: acercar · Esc: volver
EDITOR_BACK_TO_EDITOR,VOLVER AL EDITOR
EDITOR_ERR_SIZE,El plano tiene un tamaño imposible.
EDITOR_ERR_OPEN,El edificio no está cerrado: hay suelo en el borde o junto al exterior.
EDITOR_ERR_SPAWN,La entrada tiene que estar en el suelo.
EDITOR_ERR_CLOSED,Hay suelo al que no se llega desde la entrada (tachado).
EDITOR_ERR_PIECE,Falta una vitrina para la pieza a la que se pueda llegar.
EDITOR_ERR_EXIT,"Falta la salida: suelo junto al muro exterior, lejos de la entrada."
EDITOR_ERR_GUARD,Hay un guardia fuera del suelo al que se llega.
EDITOR_ERR_GUARDS,"Demasiados guardias: cinco, como mucho."
EDITOR_ERR_BIG,Una pieza grande no está sobre vitrinas.
EDITOR_HINT_FLOOR,Clic: suelo (arrastra para pintar seguido) · Clic derecho: borrar · Ctrl+Z: deshacer
EDITOR_HINT_WALL,"Clic: muro ↔ suelo (arrastra para seguir pintando lo mismo) · Clic derecho: borrar · Ctrl+Z: deshacer"
EDITOR_HINT_CASE,Clic: vitrina. Tapan a quien se agacha detrás; en una va la pieza.
EDITOR_HINT_OUT,Clic: exterior (sin edificio). Entre el exterior y el suelo tiene que haber muro.
EDITOR_HINT_SPAWN,Clic: por dónde entran los ladrones.
EDITOR_HINT_PIECE,"Clic: la vitrina con la pieza. Sin marcar, la elige el juego."
EDITOR_HINT_EXIT,"Clic: la puerta de salida, en el muro exterior. Sin marcar, la elige el juego."
EDITOR_HINT_GUARD,"Clic: poner o quitar un guardia (hasta cinco). Sin ninguno, salen en su ronda."
EDITOR_HINT_PROP,"Clic: pone este objeto; otra vez en el mismo sitio, lo quita. Sin ninguno, los pone el juego."
EDITOR_HINT_ROOM,"Arrastra un rectángulo: una sala, con su luz y su nombre. Clic derecho: quitarla."
EDITOR_HINT_STAMP,Clic: poner la sala (lo de debajo se va) · R: girarla · Clic derecho: borrar
EDITOR_TAB_EDIT,EDITAR
EDITOR_TAB_OPTIONS,OPCIONES DEL MAPA
EDITOR_KIND_WALL,MURO / SUELO
EDITOR_KIND_MAIN,PERSONAJES
EDITOR_KIND_OBJECTS,OBJETOS
EDITOR_KIND_ROOMS,SALAS
EDITOR_KIND_ACTIONS,HERRAMIENTAS
EDITOR_KIND_OPTIONS,OPCIONES
EDITOR_TOOL_PROP_BUST,BUSTO
EDITOR_TOOL_PROP_BIN,PAPELERA
EDITOR_TOOL_PROP_PANEL,PANEL
EDITOR_TOOL_PROP_ARMOUR,ARMADURA
EDITOR_SAVE_AND_EXIT,GUARDAR Y SALIR
EDITOR_EXIT_NO_SAVE,SALIR SIN GUARDAR
EDITOR_KEEP_EDITING,SEGUIR EDITANDO
EDITOR_FLOOR,SUELO: %s
EDITOR_WALLS,PAREDES: %s
EDITOR_LOOK_AUTO,AUTO
EDITOR_LOOK_0,MARMOL GRIS
EDITOR_LOOK_1,HORMIGON
EDITOR_LOOK_2,ROBLE
EDITOR_LOOK_3,TABLONES
EDITOR_LOOK_4,BALDOSA VERDE
EDITOR_LOOK_5,MARMOL AZUL
EDITOR_LOOK_6,TERRACOTA
EDITOR_LOOK_7,MARMOL NEGRO
EDITOR_WALL_LOOK_0,DAMASCO CARMESI
EDITOR_WALL_LOOK_1,YESO
EDITOR_WALL_LOOK_2,RAYAS VERDES
EDITOR_WALL_LOOK_3,RAYAS AZULES
EDITOR_WALL_LOOK_4,DAMASCO VERDE
EDITOR_WALL_LOOK_5,DAMASCO VIOLETA
EDITOR_WALL_LOOK_6,RAYAS MOSTAZA
EDITOR_WALL_LOOK_7,CARMESI REAL
EDITOR_SECTION_CASES,EN VITRINA
EDITOR_SECTION_BIG,PIEZAS GRANDES (R: GIRAR)
EDITOR_SECTION_PROPS,PARA TIRAR
EDITOR_TOOL_EXHIBIT_BUTTERFLIES,MARIPOSAS
EDITOR_TOOL_EXHIBIT_MINERALS,MINERALES
EDITOR_TOOL_EXHIBIT_COLOURS,OBJETOS DE COLOR
EDITOR_TOOL_EXHIBIT_AMMONITE,AMONITE
EDITOR_TOOL_EXHIBIT_METEORITE,METEORITO
EDITOR_TOOL_EXHIBIT_STATUE,ESTATUA
EDITOR_TOOL_EXHIBIT_SKULL,CRANEO
EDITOR_TOOL_EXHIBIT_LEGO_SKULL,CABEZA LEGO
EDITOR_TOOL_EXHIBIT_DIORAMA,DIORAMA
EDITOR_TOOL_EXHIBIT_AMPHORA,ANFORA
EDITOR_TOOL_EXHIBIT_GLOBE,GLOBO
EDITOR_TOOL_EXHIBIT_TOTEM,TOTEM
EDITOR_TOOL_EXHIBIT_BEAR,OSO
EDITOR_TOOL_BIG_DINOSAUR,DINOSAURIO
EDITOR_TOOL_BIG_SARCOPHAGUS,SARCOFAGO
EDITOR_TOOL_BIG_BEAR,OSO
EDITOR_TOOL_BIG_TROJAN_HORSE,CABALLO DE TROYA
EDITOR_TOOL_BIG_MAMMOTH,MAMUT
EDITOR_TOOL_BIG_LOG,TRONCO HUECO
EDITOR_TOOL_BIG_CAR,COCHECITO
EDITOR_TOOL_EXHIBIT_FRIDGE,NEVERA
EDITOR_TOOL_EXHIBIT_BOX,CAJA DE CARTÓN
EDITOR_TOOL_EXHIBIT_LEGIONARY,LEGIONARIO
EDITOR_TOOL_EXHIBIT_CONFESSIONAL,CONFESIONARIO
EDITOR_TOOL_EXHIBIT_CHEST,BAÚL
EDITOR_TOOL_EXHIBIT_EGG,HUEVO DE DINOSAURIO
EDITOR_TOOL_EXHIBIT_SHELL,CAPARAZÓN
EDITOR_HINT_EXHIBIT,"Clic: esta pieza en una vitrina (en el suelo, pone la vitrina); otra vez, la quita. Clic derecho: borrar."
EDITOR_HINT_BIG,"Clic: la pieza grande, sobre sus vitrinas · R: girarla · Clic derecho: borrar"
EDITOR_KIND_HEIST,EL ROBO
EDITOR_LOOT_WHAT,QUE SE ROBA
EDITOR_LOOT_RANDOM,AL AZAR (LO ELIGE EL JUEGO)
EDITOR_LOOT_NONE,"Sin elegir: el juego pone una pieza y su historia. Elige una para escribir la tuya."
EDITOR_LOOT_COLOUR,COLOR
EDITOR_LOOT_NAME,NOMBRE DE LA PIEZA
EDITOR_LOOT_BLURB,EN UNA LINEA
EDITOR_LOOT_BLURB_HINT,De oro macizo. Pesa como un ladrillo.
EDITOR_LOOT_STORY,LA HISTORIA DEL ROBO
EDITOR_LOOT_STORY_HINT,"Quién la tenía, por qué hay que llevársela, algo gracioso…"
EDITOR_LOOT_SECONDS,FORZAR LA VITRINA: %s S
EDITOR_LOOT_VERB,FORZANDO LA VITRINA
EDITOR_LOOT_FORCE,FORZAR LA VITRINA
EDITOR_SAVE_TAB_MAP,MAPA
EDITOR_SAVE_TAB_LOOT,PIEZA
EDITOR_SAVE_TAB_STORY,HISTORIA
EDITOR_COLOUR_0,Oro
EDITOR_COLOUR_1,Marfil
EDITOR_COLOUR_2,Rojo
EDITOR_COLOUR_3,Amarillo
EDITOR_COLOUR_4,Verde
EDITOR_COLOUR_5,Azul
EDITOR_COLOUR_6,Morado
EDITOR_COLOUR_7,Rosa
EDITOR_COLOUR_8,Naranja
EDITOR_COLOUR_9,Marrón
EDITOR_SHAPE_GEM,GEMA
EDITOR_SHAPE_TEETH,DENTADURA
EDITOR_SHAPE_DUCK,PATITO
EDITOR_SHAPE_SOCK,CALCETIN
EDITOR_SHAPE_TOAST,TOSTADA
EDITOR_SHAPE_CROWN,CORONA
EDITOR_SHAPE_ROCK,QUESO LUNAR
EDITOR_SHAPE_GUM,CHICLE
EDITOR_SHAPE_MASK,MASCARA
EDITOR_SHAPE_CLOCK,DESPERTADOR
EDITOR_SHAPE_EGG,HUEVO
EDITOR_SHAPE_IDOL,IDOLO
EDITOR_PLAN,VER EL PLANO
EDITOR_PAD_HELP,Cruceta: mover · A: poner (mantén para pintar) · X: borrar · B: deshacer · Y: coger lo de la casilla · LB/RB: objeto · LT/RT: categoría · Start: botones · View: 3D
EDITOR_PAD_HELP_3D,Stick izq.: mover · Stick der.: girar la cámara · A: poner · X: borrar · B: deshacer · Y: coger · LB/RB: objeto · LT/RT: categoría · View: al plano
EDITOR_3D_HELP,3D: botón derecho arrastrando gira · rueda acerca · Esc: al plano
EDITOR_3D_WAITS,"Arregla lo que sale en rojo: en cuanto se pueda jugar, el museo se vuelve a construir."
GEN_OWNER_1_WHO,la abuela Remedios
GEN_OWNER_1_OF,de la abuela Remedios
GEN_OWNER_2_WHO,el abuelo Fermín
GEN_OWNER_2_OF,del abuelo Fermín
GEN_OWNER_3_WHO,la panadera Lola
GEN_OWNER_3_OF,de la panadera Lola
GEN_OWNER_4_WHO,el alcalde Bigotes
GEN_OWNER_4_OF,del alcalde Bigotes
GEN_OWNER_5_WHO,la maestra Pili
GEN_OWNER_5_OF,de la maestra Pili
GEN_OWNER_6_WHO,el cartero Tomás
GEN_OWNER_6_OF,del cartero Tomás
GEN_OWNER_7_WHO,el farero Ramón
GEN_OWNER_7_OF,del farero Ramón
GEN_OWNER_8_WHO,la bruja Maruja
GEN_OWNER_8_OF,de la bruja Maruja
GEN_OWNER_9_WHO,la vaca Paquita
GEN_OWNER_9_OF,de la vaca Paquita
GEN_OWNER_10_WHO,el pequeño Lucas
GEN_OWNER_10_OF,del pequeño Lucas
GEN_OWNER_11_WHO,la capitana Olivia
GEN_OWNER_11_OF,de la capitana Olivia
GEN_OWNER_12_WHO,el mago Chispas
GEN_OWNER_12_OF,del mago Chispas
GEN_HOW_1,El Barón Von Bostezo se llevó {thing} mientras {who} dormía la siesta.
GEN_HOW_2,El Barón Von Bostezo se coló en el cumpleaños de {who} y se llevó {thing} entre la tarta y las velas.
GEN_HOW_3,"El Barón Von Bostezo cambió {thing} por una patata pintada, y {who} tardó una semana en darse cuenta."
GEN_HOW_4,"Un martes de lluvia, el Barón Von Bostezo bajó por la chimenea de {who} y se llevó {thing} en su sombrero de copa."
GEN_HOW_5,"El Barón Von Bostezo dijo que se llevaba {thing} «solo un ratito», y {who} lleva tres años esperando."
GEN_HOW_6,"Disfrazado de repartidor de pizzas, el Barón Von Bostezo llamó a la puerta de {who} y salió corriendo con {thing}."
GEN_SINCE_1,"Desde entonces, {who} no sonríe ni en las fotos."
GEN_SINCE_2,"Desde entonces, {who} se pasa el día suspirando junto a la ventana."
GEN_SINCE_3,"Desde entonces, {who} cuenta ovejas cada noche y no hay manera de dormirse."
GEN_SINCE_4,"Todo el pueblo firmó una carta para que volviera a casa de {who}, pero el Barón la usó de servilleta."
GEN_SINCE_5,La Banda del Calcetín le ha prometido a {who} que esta noche vuelve a casa.
GEN_SINCE_6,"Desde entonces, {who} no tiene ganas de nada, ni siquiera de comer croquetas."
GEN_TEETH_NOUN_1,la dentadura de los domingos
GEN_TEETH_NOUN_2,la dentadura postiza
GEN_TEETH_NOUN_3,la sonrisa de porcelana
GEN_TEETH_BLURB_1,Con encías rosas. Brilla en la oscuridad.
GEN_TEETH_BLURB_2,Recién cepillada. Huele a menta.
GEN_TEETH_VERB,ABRIENDO EL TARRO
GEN_TEETH_DETAIL_1,Ojo: de vez en cuando castañetea sin avisar.
GEN_TEETH_DETAIL_2,Dicen que por la noche se ríe sola.
GEN_DUCK_NOUN_1,el pato de goma
GEN_DUCK_NOUN_2,el patito de la bañera
GEN_DUCK_NOUN_3,el pato que canta boleros
GEN_DUCK_BLURB_1,"De goma, con pajarita."
GEN_DUCK_BLURB_2,Flota hasta en la sopa.
GEN_DUCK_VERB,CALMANDO AL PATO
GEN_DUCK_DETAIL_1,"Cuidado: si se aprieta, suelta un cuac que se oye en todo el museo."
GEN_DUCK_DETAIL_2,"Nunca se ha hundido, ni siquiera en una tormenta."
GEN_SOCK_NOUN_1,el calcetín de la suerte
GEN_SOCK_NOUN_2,el calcetín de rayas
GEN_SOCK_NOUN_3,el calcetín que nunca se pierde
GEN_SOCK_BLURB_1,"De lana, a rayas. Talla gigante."
GEN_SOCK_BLURB_2,Recién lavado... hace un año.
GEN_SOCK_VERB,DOBLANDO EL CALCETÍN
GEN_SOCK_DETAIL_1,"Huele un poquito a queso, pero trae muchísima suerte."
GEN_SOCK_DETAIL_2,Tiene un agujero justo en el dedo gordo.
GEN_TOAST_NOUN_1,la tostada del desayuno eterno
GEN_TOAST_NOUN_2,la tostada con forma de corazón
GEN_TOAST_NOUN_3,la tostada que nunca se enfría
GEN_TOAST_BLURB_1,Con mantequilla y un poco quemada.
GEN_TOAST_BLURB_2,"Crujiente por fuera, blandita por dentro."
GEN_TOAST_VERB,DESPEGANDO LA TOSTADA
GEN_TOAST_DETAIL_1,Todavía huele a mantequilla recién untada.
GEN_TOAST_DETAIL_2,Nadie se ha atrevido nunca a darle un mordisco.
GEN_CROWN_NOUN_1,la corona de las fiestas
GEN_CROWN_NOUN_2,la corona de reina por un día
GEN_CROWN_NOUN_3,la corona de cartón dorado
GEN_CROWN_BLURB_1,Dorada y con piedras de colores.
GEN_CROWN_BLURB_2,Brilla más que el sol del mediodía.
GEN_CROWN_VERB,DESATORNILLANDO LA CORONA
GEN_CROWN_DETAIL_1,Se cae en cuanto alguien estornuda cerca.
GEN_CROWN_DETAIL_2,"Por detrás lleva un chicle pegado, pero no se nota."
GEN_ROCK_NOUN_1,el meteorito de queso
GEN_ROCK_NOUN_2,la piedra lunar agujereada
GEN_ROCK_NOUN_3,el pedrusco que cayó del cielo
GEN_ROCK_BLURB_1,Tiene más agujeros que un colador.
GEN_ROCK_BLURB_2,Cayó de la luna una noche de verano.
GEN_ROCK_VERB,ENGAÑANDO AL SENSOR
GEN_ROCK_DETAIL_1,Huele a queso de cabra a tres salas de distancia.
GEN_ROCK_DETAIL_2,"Si pegas la oreja, se oye roncar a los marcianos."
GEN_GUM_NOUN_1,la bola de chicle gigante
GEN_GUM_NOUN_2,el chicle más mascado del mundo
GEN_GUM_NOUN_3,la pompa de chicle que nunca explotó
GEN_GUM_BLURB_1,Pegajosa y de todos los sabores.
GEN_GUM_BLURB_2,"Rosa, redonda y todavía un poco blanda."
GEN_GUM_VERB,DESPEGANDO EL CHICLE
GEN_GUM_DETAIL_1,"Si la tocas, te quedas pegado hasta el martes."
GEN_GUM_DETAIL_2,Huele a fresa aunque tenga treinta años.
GEN_MASK_NOUN_1,la máscara del luchador
GEN_MASK_NOUN_2,el antifaz de carnaval
GEN_MASK_NOUN_3,la máscara de la risa
GEN_MASK_BLURB_1,Con purpurina y plumas de colores.
GEN_MASK_BLURB_2,Con cejas pintadas y bigote de purpurina.
GEN_MASK_VERB,CORTANDO EL SELLO
GEN_MASK_DETAIL_1,Por dentro todavía huele a colonia de luchador.
GEN_MASK_DETAIL_2,Quien se asoma a sus ojos se echa a reír.
GEN_CLOCK_NOUN_1,el despertador más puntual del mundo
GEN_CLOCK_NOUN_2,el reloj de cuco sin cuco
GEN_CLOCK_NOUN_3,el despertador que canta rancheras
GEN_CLOCK_BLURB_1,Suena a las siete. Siempre.
GEN_CLOCK_BLURB_2,Hace tic-tac al revés: cat-cit.
GEN_CLOCK_VERB,PARANDO LAS AGUJAS
GEN_CLOCK_DETAIL_1,Da las horas con un estornudo.
GEN_CLOCK_DETAIL_2,"Si se le da cuerda, baila un poquito."
GEN_EGG_NOUN_1,el huevo de dragón
GEN_EGG_NOUN_2,el huevo de oro
GEN_EGG_NOUN_3,el huevo de pascua gigante
GEN_EGG_BLURB_1,Todavía está calentito.
GEN_EGG_BLURB_2,Pesa como una sandía.
GEN_EGG_VERB,SOLTANDO EL HUEVO
GEN_EGG_DETAIL_1,A veces algo se mueve dentro y hace «pío».
GEN_EGG_DETAIL_2,Hay que llevarlo con muchísimo cuidado: es su primer viaje.
GEN_GEM_NOUN_1,el diamante de la suerte
GEN_GEM_NOUN_2,la piedra que brilla de noche
GEN_GEM_NOUN_3,el cristal de los deseos
GEN_GEM_BLURB_1,Tallado a mano. Brilla solo.
GEN_GEM_BLURB_2,Hace arcoíris en la pared.
GEN_GEM_VERB,FORZANDO LA VITRINA
GEN_GEM_DETAIL_1,De noche brilla tanto que sirve de lámpara.
GEN_GEM_DETAIL_2,"Si le da la luna, llena la sala de arcoíris."
GEN_IDOL_NOUN_1,el gnomo del jardín
GEN_IDOL_NOUN_2,el trofeo de la carrera de sacos
GEN_IDOL_NOUN_3,el muñeco de piedra
GEN_IDOL_BLURB_1,Negro y muy brillante.
GEN_IDOL_BLURB_2,"Cabe en una mano, pero pesa como un gato dormido."
GEN_IDOL_VERB,ABRIENDO LA CERRADURA
GEN_IDOL_DETAIL_1,"Si nadie mira, cambia de postura."
GEN_IDOL_DETAIL_2,Tiene cara de estar aguantando un estornudo.
BRIEF_TIPS_TITLE,PARA ESTA NOCHE
BRIEF_TAKES,Para sacarla: quieto %s junto a la vitrina
BRIEF_DIFFICULTY,%s · %s
TIP_GUARDS_NONE,Sin guardias: practica sin prisa.
TIP_GUARDS_ONE,Un guardia
TIP_GUARDS_MANY,%d guardias
TIP_AND,y
TIP_TRAIT_SHARP_EARS_ONE,de oído fino
TIP_TRAIT_SHARP_EARS_MANY,de oído fino
TIP_TRAIT_FAST_ONE,rápido
TIP_TRAIT_FAST_MANY,rápidos
TIP_TRAIT_FAR_EYES_ONE,de vista larga
TIP_TRAIT_FAR_EYES_MANY,de vista larga
TIP_TRAIT_DULL_EARS_ONE,medio sordo
TIP_TRAIT_DULL_EARS_MANY,medio sordos
TIP_TRAIT_SHORT_EYES_ONE,corto de vista
TIP_TRAIT_SHORT_EYES_MANY,cortos de vista
TIP_TRAIT_SLOW_ONE,lento
TIP_TRAIT_SLOW_MANY,lentos
TIP_ADVICE_SHARP_EARS_ONE,"cerca de él, siempre a gatas"
TIP_ADVICE_SHARP_EARS_MANY,"cerca de ellos, siempre a gatas"
TIP_ADVICE_FAST_ONE,"que no te vea, que te alcanza"
TIP_ADVICE_FAST_MANY,"que no te vean, que te alcanzan"
TIP_ADVICE_FAR_EYES_ONE,escóndete tras vitrinas y paredes
TIP_ADVICE_FAR_EYES_MANY,escóndete tras vitrinas y paredes
TIP_ADVICE_DULL_EARS_ONE,"corre, pero que no te vea"
TIP_ADVICE_DULL_EARS_MANY,"corre, pero que no te vean"
TIP_ADVICE_SHORT_EYES_ONE,"puedes pasar cerca, pero no delante"
TIP_ADVICE_SHORT_EYES_MANY,"puedes pasar cerca, pero no delante"
TIP_ADVICE_SLOW_ONE,"si te ve, corre y escóndete"
TIP_ADVICE_SLOW_MANY,"si te ven, corre y escóndete"
TIP_ADVICE_NORMAL_ONE,que no te pille su linterna
TIP_ADVICE_NORMAL_MANY,que no te pillen sus linternas
TIP_JUMPY,Un solo ruido raro y dan la alarma.
TIP_GRUDGE_ONE,"Si se mosquea, tarda en calmarse: espera bien escondido."
TIP_GRUDGE_MANY,"Si se mosquean, tardan en calmarse: espera bien escondido."
TIP_POST,Un guardia no se mueve: pasa cuando mire a otro lado.
TIP_CASE_ALARM,"La vitrina pita al abrirla: luego, corre a la salida."
TIP_LIGHTS_ONE,En alerta enciende la luz: apágala con E en el interruptor.
TIP_LIGHTS_MANY,En alerta encienden la luz: apágala con E en el interruptor.
TIP_TWO,"Si uno te ve, grita y los demás vienen corriendo."
TIP_NOISE,"Corriendo te oyen de lejos; a gatas, nada."
TIP_TORCH,"De lejos, las linternas no ven a quien va a gatas (C, o X)."
TIP_MAP,Museo grande: mira el mapa con M (View en el mando).
GALLERY_ANCIENT,la sala del mundo antiguo
GALLERY_ANCIENT_OF,de la sala del mundo antiguo
GALLERY_MEDIEVAL,la sala medieval
GALLERY_MEDIEVAL_OF,de la sala medieval
GALLERY_PREHISTORY,la sala de la prehistoria
GALLERY_PREHISTORY_OF,de la sala de la prehistoria
GALLERY_NATURE,la sala de la naturaleza
GALLERY_NATURE_OF,de la sala de la naturaleza
GALLERY_MODERN,la sala de la edad moderna
GALLERY_MODERN_OF,de la sala de la edad moderna
PIECE_ESCARABAJO,ESCARABAJO
PIECE_CANOPOS,VASOS CANOPOS
PIECE_AMULETOS,AMULETOS
PIECE_PAPIRO,PAPIRO
PIECE_BUSTO_FARAON,FARAON
PIECE_GATO_BASTET,GATA BASTET
PIECE_OBELISCO,OBELISCO
PIECE_ANUBIS,ANUBIS
PIECE_BARCA,BARCA SOLAR
PIECE_CORONA,CORONA
PIECE_CALIZ,CALIZ
PIECE_MANUSCRITO,MANUSCRITO
PIECE_LLAVE_SELLO,LLAVE Y SELLO
PIECE_YELMO,YELMO
PIECE_ESCUDO,ESCUDO
PIECE_CASTILLO,CASTILLO
PIECE_ESPADA_PIEDRA,ESPADA EN LA PIEDRA
PIECE_TRONO,TRONO
PIECE_CODICE_LEONARDO,CODICE DE LEONARDO
PIECE_ASTROLABIO,ASTROLABIO
PIECE_GARGOLA,GARGOLA
PIECE_CARRO_BLINDADO,CARRO DE LEONARDO
PIECE_MAQUINA_VOLADORA,MAQUINA VOLADORA
PIECE_VIDRIERA,VIDRIERA
PIECE_TELE,TELE DE TUBO
PIECE_TOSTADORA,TOSTADORA
PIECE_RUBIK,CUBO DE RUBIK
PIECE_PERRO_GLOBO,PERRO-GLOBO
PIECE_RECREATIVA,MÁQUINA RECREATIVA
PIECE_MOVIL_CALDER,MÓVIL DE CALDER
PIECE_SEMAFORO,SEMÁFORO
THEME_ANTIGUO,MUNDO ANTIGUO
THEME_EDAD_MEDIA,EDAD MEDIA
THEME_PREHISTORIA,PREHISTORIA
THEME_NATURALEZA,NATURALEZA
THEME_MODERNA,EDAD MODERNA
EDITOR_FILTER_ALL,TODOS
EDITOR_WALL_NOTE,"Clic: muro ↔ suelo. Arrastra para seguir pintando."
EDITOR_2D,VER PLANO
EDITOR_PAGE_SIZE,TAMAÑO
EDITOR_PAGE_FLOOR,SUELO
EDITOR_PAGE_WALL,PAREDES
EDITOR_PAGE_DIFFICULTY,DIFICULTAD
EDITOR_PAGE_MAP,EL MAPA
EDITOR_PAGE_LOOT,QUE SE ROBA
EDITOR_PAGE_STORY,HISTORIA
EDITOR_TYPE_ALL,TODO TIPO
EDITOR_TYPE_CASE,VITRINA
EDITOR_TYPE_SMALL,PEQUEÑO
EDITOR_TYPE_BIG,GRANDE
EDITOR_TYPE_PROP,TIRABLE
EDITOR_TYPE_HIDE,ESCONDITE
LOG_SMOKE,¡Bomba de humo!
GUARD_SMOKE,¿Humo? ¿Qué pasa ahí?
